{
  "DO": {
    "DO": 0.14285714285714285,
    "RE": 0.14285714285714285,
    "MI": 0.14285714285714285,
    "FA": 0.14285714285714285,
    "SOL": 0.14285714285714285,
    "LA": 0.14285714285714285,
    "SI": 0.14285714285714285
  },
  "RE": {
    "DO": 0.0,
    "RE": 0.75,
    "MI": 0.25,
    "FA": 0.0,
    "SOL": 0.0,
    "LA": 0.0,
    "SI": 0.0
  },
  "MI": {
    "DO": 0.14285714285714285,
    "RE": 0.14285714285714285,
    "MI": 0.14285714285714285,
    "FA": 0.14285714285714285,
    "SOL": 0.14285714285714285,
    "LA": 0.14285714285714285,
    "SI": 0.14285714285714285
  },
  "FA": {
    "DO": 0.0,
    "RE": 0.0,
    "MI": 0.0,
    "FA": 1.0,
    "SOL": 0.0,
    "LA": 0.0,
    "SI": 0.0
  },
  "SOL": {
    "DO": 0.0,
    "RE": 0.0,
    "MI": 0.0,
    "FA": 0.0,
    "SOL": 0.0,
    "LA": 0.0,
    "SI": 1.0
  },
  "LA": {
    "DO": 0.0,
    "RE": 0.0,
    "MI": 0.8611111111111112,
    "FA": 0.0,
    "SOL": 0.0,
    "LA": 0.0,
    "SI": 0.1388888888888889
  },
  "SI": {
    "DO": 0.0,
    "RE": 0.0,
    "MI": 0.0,
    "FA": 0.0,
    "SOL": 0.0,
    "LA": 0.55,
    "SI": 0.45
  }
}