{
  "DO": {
    "DO": 0.1111111111111111,
    "RE": 0.0,
    "MI": 0.0,
    "FA": 0.2222222222222222,
    "SOL": 0.6666666666666666,
    "LA": 0.0,
    "SI": 0.0
  },
  "RE": {
    "DO": 0.14285714285714285,
    "RE": 0.14285714285714285,
    "MI": 0.14285714285714285,
    "FA": 0.14285714285714285,
    "SOL": 0.14285714285714285,
    "LA": 0.14285714285714285,
    "SI": 0.14285714285714285
  },
  "MI": {
    "DO": 0.14285714285714285,
    "RE": 0.14285714285714285,
    "MI": 0.14285714285714285,
    "FA": 0.14285714285714285,
    "SOL": 0.14285714285714285,
    "LA": 0.14285714285714285,
    "SI": 0.14285714285714285
  },
  "FA": {
    "DO": 0.4,
    "RE": 0.0,
    "MI": 0.0,
    "FA": 0.6,
    "SOL": 0.0,
    "LA": 0.0,
    "SI": 0.0
  },
  "SOL": {
    "DO": 1.0,
    "RE": 0.0,
    "MI": 0.0,
    "FA": 0.0,
    "SOL": 0.0,
    "LA": 0.0,
    "SI": 0.0
  },
  "LA": {
    "DO": 0.14285714285714285,
    "RE": 0.14285714285714285,
    "MI": 0.14285714285714285,
    "FA": 0.14285714285714285,
    "SOL": 0.14285714285714285,
    "LA": 0.14285714285714285,
    "SI": 0.14285714285714285
  },
  "SI": {
    "DO": 0.14285714285714285,
    "RE": 0.14285714285714285,
    "MI": 0.14285714285714285,
    "FA": 0.14285714285714285,
    "SOL": 0.14285714285714285,
    "LA": 0.14285714285714285,
    "SI": 0.14285714285714285
  }
}