{
  "DO": {
    "DO": 0.3333333333333333,
    "RE": 0.0,
    "MI": 0.0,
    "FA": 0.0,
    "SOL": 0.0,
    "LA": 0.0,
    "SI": 0.6666666666666666
  },
  "RE": {
    "DO": 0.14285714285714285,
    "RE": 0.14285714285714285,
    "MI": 0.14285714285714285,
    "FA": 0.14285714285714285,
    "SOL": 0.14285714285714285,
    "LA": 0.14285714285714285,
    "SI": 0.14285714285714285
  },
  "MI": {
    "DO": 0.0,
    "RE": 0.0,
    "MI": 0.0,
    "FA": 0.0,
    "SOL": 0.5555555555555556,
    "LA": 0.4444444444444444,
    "SI": 0.0
  },
  "FA": {
    "DO": 0.14285714285714285,
    "RE": 0.14285714285714285,
    "MI": 0.14285714285714285,
    "FA": 0.14285714285714285,
    "SOL": 0.14285714285714285,
    "LA": 0.14285714285714285,
    "SI": 0.14285714285714285
  },
  "SOL": {
    "DO": 0.64,
    "RE": 0.0,
    "MI": 0.16,
    "FA": 0.0,
    "SOL": 0.2,
    "LA": 0.0,
    "SI": 0.0
  },
  "LA": {
    "DO": 0.2857142857142857,
    "RE": 0.0,
    "MI": 0.0,
    "FA": 0.0,
    "SOL": 0.5238095238095238,
    "LA": 0.0,
    "SI": 0.19047619047619047
  },
  "SI": {
    "DO": 0.1,
    "RE": 0.0,
    "MI": 0.0,
    "FA": 0.0,
    "SOL": 0.9,
    "LA": 0.0,
    "SI": 0.0
  }
}