{
  "DO": {
    "DO": 0.03333333333333333,
    "RE": 0.16666666666666666,
    "MI": 0.4,
    "FA": 0.23333333333333334,
    "SOL": 0.13333333333333333,
    "LA": 0.03333333333333333,
    "SI": 0.0
  },
  "RE": {
    "DO": 0.02702702702702703,
    "RE": 0.4594594594594595,
    "MI": 0.12162162162162163,
    "FA": 0.28378378378378377,
    "SOL": 0.0945945945945946,
    "LA": 0.013513513513513514,
    "SI": 0.0
  },
  "MI": {
    "DO": 0.08695652173913043,
    "RE": 0.2608695652173913,
    "MI": 0.0,
    "FA": 0.2608695652173913,
    "SOL": 0.30434782608695654,
    "LA": 0.08695652173913043,
    "SI": 0.0
  },
  "FA": {
    "DO": 0.06976744186046512,
    "RE": 0.046511627906976744,
    "MI": 0.09302325581395349,
    "FA": 0.06976744186046512,
    "SOL": 0.20930232558139536,
    "LA": 0.5116279069767442,
    "SI": 0.0
  },
  "SOL": {
    "DO": 0.23076923076923078,
    "RE": 0.11538461538461539,
    "MI": 0.11538461538461539,
    "FA": 0.23076923076923078,
    "SOL": 0.038461538461538464,
    "LA": 0.2692307692307692,
    "SI": 0.0
  },
  "LA": {
    "DO": 0.17391304347826086,
    "RE": 0.5652173913043478,
    "MI": 0.043478260869565216,
    "FA": 0.0,
    "SOL": 0.13043478260869565,
    "LA": 0.08695652173913043,
    "SI": 0.0
  },
  "SI": {
    "DO": 0.14285714285714285,
    "RE": 0.14285714285714285,
    "MI": 0.14285714285714285,
    "FA": 0.14285714285714285,
    "SOL": 0.14285714285714285,
    "LA": 0.14285714285714285,
    "SI": 0.14285714285714285
  }
}